{"cameraMode":{"drawMode":0,"name":"Shaded","section":"Shading Mode"},"sceneLighting":false,"audioPlay":false,"sceneViewState":{"showFog":true,"showMaterialUpdate":false,"showSkybox":false,"showFlares":true,"showImageEffects":true,"showParticleSystems":true,"showVisualEffectGraphs":true,"m_FxEnabled":true},"in2DMode":false,"pivot":{"x":-4.786887168884277,"y":6.448373794555664,"z":-0.030340315774083139},"rotation":{"x":0.03598538786172867,"y":0.019485555589199067,"z":-0.000701629149261862,"w":0.999168872833252},"size":1.4660253524780274,"orthographic":false}