{"cameraMode":{"drawMode":0,"name":"Shaded","section":"Shading Mode"},"sceneLighting":false,"audioPlay":false,"sceneViewState":{"showFog":true,"showMaterialUpdate":false,"showSkybox":false,"showFlares":true,"showImageEffects":true,"showParticleSystems":true,"showVisualEffectGraphs":true,"m_FxEnabled":true},"in2DMode":false,"pivot":{"x":-4.9842000007629398,"y":6.473337650299072,"z":-0.5325021743774414},"rotation":{"x":0.0554715171456337,"y":0.002995333168655634,"z":-0.00016656621301081032,"w":0.9984581470489502},"size":2.666025161743164,"orthographic":false}