{"cameraMode":{"drawMode":0,"name":"Shaded","section":"Shading Mode"},"sceneLighting":false,"audioPlay":false,"sceneViewState":{"showFog":true,"showMaterialUpdate":false,"showSkybox":false,"showFlares":true,"showImageEffects":true,"showParticleSystems":true,"showVisualEffectGraphs":true,"m_FxEnabled":true},"in2DMode":false,"pivot":{"x":-4.200085639953613,"y":6.497422695159912,"z":0.12273319065570831},"rotation":{"x":0.014993326738476754,"y":0.028491927310824395,"z":-0.00042544660391286016,"w":0.9994886517524719},"size":2.366025447845459,"orthographic":false}