{"cameraMode":{"drawMode":0,"name":"Shaded","section":"Shading Mode"},"sceneLighting":false,"audioPlay":false,"sceneViewState":{"showFog":true,"showMaterialUpdate":false,"showSkybox":false,"showFlares":true,"showImageEffects":true,"showParticleSystems":true,"showVisualEffectGraphs":true,"m_FxEnabled":true},"in2DMode":false,"pivot":{"x":-5.145421981811523,"y":6.674943923950195,"z":-0.008285293355584145},"rotation":{"x":-0.03597283735871315,"y":0.03297259658575058,"z":0.0011874281335622073,"w":0.9988136887550354},"size":1.7660253047943116,"orthographic":false}