{"cameraMode":{"drawMode":0,"name":"Shaded","section":"Shading Mode"},"sceneLighting":false,"audioPlay":false,"sceneViewState":{"showFog":true,"showMaterialUpdate":false,"showSkybox":false,"showFlares":true,"showImageEffects":true,"showParticleSystems":true,"showVisualEffectGraphs":true,"m_FxEnabled":true},"in2DMode":false,"pivot":{"x":-4.638791084289551,"y":6.997194766998291,"z":-1.5584287643432618},"rotation":{"x":0.020997703075408937,"y":0.007497478276491165,"z":-0.00015684310346841812,"w":0.9997576475143433},"size":1.7660253047943116,"orthographic":false}