{"cameraMode":{"drawMode":0,"name":"Shaded","section":"Shading Mode"},"sceneLighting":false,"audioPlay":false,"sceneViewState":{"showFog":true,"showMaterialUpdate":false,"showSkybox":false,"showFlares":true,"showImageEffects":true,"showParticleSystems":true,"showVisualEffectGraphs":true,"m_FxEnabled":true},"in2DMode":false,"pivot":{"x":-4.822388172149658,"y":5.982160568237305,"z":-0.16865304112434388},"rotation":{"x":0.09674668312072754,"y":0.11024637520313263,"z":-0.010783209465444088,"w":0.989127516746521},"size":2.0115857124328615,"orthographic":false}