{"cameraMode":{"drawMode":0,"name":"Shaded","section":"Shading Mode"},"sceneLighting":false,"audioPlay":false,"sceneViewState":{"showFog":true,"showMaterialUpdate":false,"showSkybox":false,"showFlares":true,"showImageEffects":true,"showParticleSystems":true,"showVisualEffectGraphs":true,"m_FxEnabled":true},"in2DMode":false,"pivot":{"x":1.7486217021942139,"y":8.320354461669922,"z":-2.3180181980133058},"rotation":{"x":-0.061920154839754108,"y":-0.26119837164878847,"z":-0.016800658777356149,"w":0.9631563425064087},"size":0.8660253882408142,"orthographic":false}