{"cameraMode":{"drawMode":0,"name":"Shaded","section":"Shading Mode"},"sceneLighting":false,"audioPlay":false,"sceneViewState":{"showFog":true,"showMaterialUpdate":false,"showSkybox":false,"showFlares":true,"showImageEffects":true,"showParticleSystems":true,"showVisualEffectGraphs":true,"m_FxEnabled":true},"in2DMode":false,"pivot":{"x":-7.0833210945129398,"y":6.980775833129883,"z":1.051477313041687},"rotation":{"x":0.021325506269931794,"y":0.31856176257133486,"z":0.007168729789555073,"w":-0.9476354718208313},"size":2.666025161743164,"orthographic":false}