{"cameraMode":{"drawMode":0,"name":"Shaded","section":"Shading Mode"},"sceneLighting":false,"audioPlay":false,"sceneViewState":{"showFog":true,"showMaterialUpdate":false,"showSkybox":false,"showFlares":true,"showImageEffects":true,"showParticleSystems":true,"showVisualEffectGraphs":true,"m_FxEnabled":true},"in2DMode":false,"pivot":{"x":-4.167384624481201,"y":7.04112434387207,"z":0.23081351816654206},"rotation":{"x":-0.005999006796628237,"y":-0.020998826250433923,"z":-0.00012528443767223507,"w":0.9997662901878357},"size":0.8660253882408142,"orthographic":false}