{"cameraMode":{"drawMode":0,"name":"Shaded","section":"Shading Mode"},"sceneLighting":false,"audioPlay":false,"sceneViewState":{"showFog":true,"showMaterialUpdate":false,"showSkybox":false,"showFlares":true,"showImageEffects":true,"showParticleSystems":true,"showVisualEffectGraphs":true,"m_FxEnabled":true},"in2DMode":false,"pivot":{"x":-4.680795669555664,"y":8.45789623260498,"z":0.9551620483398438},"rotation":{"x":-0.04348628968000412,"y":0.0014988792827352882,"z":0.00006519710586871952,"w":0.9990545511245728},"size":1.93851637840271,"orthographic":false}