{"cameraMode":{"drawMode":0,"name":"Shaded","section":"Shading Mode"},"sceneLighting":true,"audioPlay":false,"sceneViewState":{"showFog":true,"showMaterialUpdate":false,"showSkybox":true,"showFlares":true,"showImageEffects":true,"showParticleSystems":true,"showVisualEffectGraphs":true},"in2DMode":false,"pivot":{"x":0.38882553577423098,"y":3.232600688934326,"z":1.8126786947250367},"rotation":{"x":0.2106616199016571,"y":-0.009434523992240429,"z":0.002026414265856147,"w":0.9775172472000122},"size":14.85544204711914,"orthographic":false}